16.4119530351063;48.2111867585169;0,16.4119418265935;48.2112439013861;0,16.4118986938344;48.2112939389248;0,16.4118300416934;48.211329165352;0,16.4117463781513;48.2113441766137;0,16.4116605129371;48.2113366709829;0,16.4115854559317;48.2113078493606;0,16.4115327158759;48.2112621150502;0,16.4115101987743;48.211206373232;0,16.4115214072871;48.2111492303628;0,16.4115646401222;48.2110991928241;0,16.4116331921872;48.2110639663968;0,16.4117168557292;48.2110489551352;0,16.4118027209434;48.211056460766;0,16.4118777779488;48.2110852823883;0,16.4119306180807;48.2111310166987;0,16.4119530351063;48.2111867585169;0,,,,,,,,,,,,,,,,,,,,,,,,,,,,,,,,,,,,,,,,,,,,,,,,,,,,,,,,,,,,,,,,,,,,,,,,,,,,,,,,,,,,,,,,,,,,,,,,,,,,,,,,
16.4119691473435;48.2108217847094;0,16.4119560373865;48.2108713218728;0,16.4119154065276;48.2109136536305;0,16.4118535595551;48.2109424752528;0,16.4117799036138;48.2109532833612;0,16.4117056472164;48.2109444767544;0,16.4116420989518;48.2109174564835;0,16.4115988661167;48.2108762255515;0,16.4115826538035;48.2108271887636;0,16.4115958638365;48.2107777516753;0,16.4116363946194;48.2107353198425;0,16.4116982415919;48.2107065982953;0,16.4117718975332;48.2106956901118;0,16.4118461539306;48.2107044967187;0,16.4119097021952;48.2107315169896;0,16.4119529350303;48.2107727479215;0,16.4119691473435;48.2108217847094;0,,,,,,,,,,,,,,,,,,,,,,,,,,,,,,,,,,,,,,,,,,,,,,,,,,,,,,,,,,,,,,,,,,,,,,,,,,,,,,,,,,,,,,,,,,,,,,,,,,,,,,,,
16.4127263224142;48.2122032210784;0,16.4128643272282;48.2123153051652;0,16.4130442638892;48.212216931364;0,16.412903256795;48.2121025455505;0,16.4128276994095;48.2121439766326;0,16.4126053305215;48.2119594381898;0,16.4124281959887;48.2120542092881;0,16.412654167613;48.2122417499832;0,16.4127263224142;48.2122032210784;0,,,,,,,,,,,,,,,,,,,,,,,,,,,,,,,,,,,,,,,,,,,,,,,,,,,,,,,,,,,,,,,,,,,,,,,,,,,,,,,,,,,,,,,,,,,,,,,,,,,,,,,,,,,,,,,,
16.4112336887663;48.2112994430541;0,16.4113218557286;48.2113082496609;0,16.4113982137222;48.2113388726346;0,16.41145115393;48.2113867085216;0,16.4114725701955;48.2114443517662;0,16.4114593601626;48.2115029957616;0,16.4114133251993;48.211553933976;0,16.4113416707781;48.2115891604032;0,16.4112552051078;48.2116034711393;0,16.4111670381454;48.2115946645325;0,16.4110906801519;48.2115640415588;0,16.4110377399441;48.2115162056718;0,16.4110163236785;48.2114586625023;0,16.4110295337115;48.2113999184318;0,16.4110754685988;48.2113489802174;0,16.411147223096;48.2113137537901;0,16.4112336887663;48.2112994430541;0,,,,,,,,,,,,,,,,,,,,,,,,,,,,,,,,,,,,,,,,,,,,,,,,,,,,,,,,,,,,,,,,,,,,,,,,,,,,,,,,,,,,,,,,,,,,,,,,,,,,,,,,
16.4107559259077;48.2109989175965;0,16.4107413148107;48.2110496556608;0,16.4106986824316;48.2110927880191;0,16.4106345337109;48.2111217097165;0,16.4105585760214;48.2111322175996;0,16.4104825182559;48.2111224102421;0,16.4104177690793;48.2110939889201;0,16.4103742360161;48.211051256862;0,16.410358624159;48.2110007189479;0,16.410373235256;48.2109499808836;0,16.4104158676351;48.2109068485252;0,16.4104800163558;48.2108778267528;0,16.4105559740453;48.2108674189447;0,16.4106320318108;48.2108771262272;0,16.4106967809874;48.2109055475492;0,16.4107403140506;48.2109482796073;0,16.4107559259077;48.2109989175965;0,,,,,,,,,,,,,,,,,,,,,,,,,,,,,,,,,,,,,,,,,,,,,,,,,,,,,,,,,,,,,,,,,,,,,,,,,,,,,,,,,,,,,,,,,,,,,,,,,,,,,,,,
16.411077970499;48.211252908143;0,16.4110648605421;48.2113041465827;0,16.411023228923;48.2113481796168;0,16.4109594805064;48.21137820214;0,16.4108834227409;48.2113897107739;0,16.4108064642914;48.2113810042422;0,16.4107404141266;48.2113532834457;0,16.4106953799233;48.2113107515378;0,16.4106780667741;48.2112601135486;0,16.410691276807;48.2112087750339;0,16.41073280835;48.2111647419998;0,16.4107965567667;48.2111347194766;0,16.4108727146082;48.2111232108427;0,16.4109495729817;48.2111320174495;0,16.4110156231465;48.2111597382459;0,16.4110607574258;48.2112021700788;0,16.411077970499;48.211252908143;0,,,,,,,,,,,,,,,,,,,,,,,,,,,,,,,,,,,,,,,,,,,,,,,,,,,,,,,,,,,,,,,,,,,,,,,,,,,,,,,,,,,,,,,,,,,,,,,,,,,,,,,,
16.4119611412629;48.211825337586;0,16.4121329717673;48.2119737489259;0,16.4122033252004;48.2119376218229;0,16.4123275195254;48.2120480046333;0,16.4125134607468;48.2119550348864;0,16.4123846629255;48.2118405489978;0,16.4123197135968;48.2118729733229;0,16.4121513857526;48.2117275642353;0,16.4119611412629;48.211825337586;0,,,,,,,,,,,,,,,,,,,,,,,,,,,,,,,,,,,,,,,,,,,,,,,,,,,,,,,,,,,,,,,,,,,,,,,,,,,,,,,,,,,,,,,,,,,,,,,,,,,,,,,,,,,,,,,,
16.4134243525647;48.212220734217;0,16.4133266783816;48.2121375718276;0,16.4131368341959;48.2122367462294;0,16.4133112666765;48.2123851575692;0,16.4134256535528;48.2123255128231;0,16.4135194247716;48.2124054728099;0,16.4136608321698;48.212331917628;0,16.4134903026535;48.2121864084654;0,16.4134243525647;48.212220734217;0,,,,,,,,,,,,,,,,,,,,,,,,,,,,,,,,,,,,,,,,,,,,,,,,,,,,,,,,,,,,,,,,,,,,,,,,,,,,,,,,,,,,,,,,,,,,,,,,,,,,,,,,,,,,,,,,
16.4114940865371;48.2119147046302;0,16.4121087533735;48.2115820550727;0,16.4119583391347;48.2114586625023;0,16.4119604407308;48.2114575616764;0,16.4118591638115;48.2113763007135;0,16.4116041701451;48.2115176067229;0,16.4116820292787;48.2115800535712;0,16.4113229565647;48.2117743993716;0,16.4114940865371;48.2119147046302;0,,,,,,,,,,,,,,,,,,,,,,,,,,,,,,,,,,,,,,,,,,,,,,,,,,,,,,,,,,,,,,,,,,,,,,,,,,,,,,,,,,,,,,,,,,,,,,,,,,,,,,,,,,,,,,,,
16.4115719456707;48.2105857076017;0,16.4115589357898;48.2106363455909;0,16.4115179046268;48.2106796780995;0,16.4114550568943;48.2107094003974;0,16.4113799998888;48.2107208089563;0,16.4113040421994;48.2107121024245;0,16.4112388927186;48.2106847819284;0,16.4111943588954;48.210642950546;0,16.4111773459742;48.2105929130073;0,16.4111902557791;48.2105422750181;0,16.4112312869421;48.2104988424345;0,16.4112941346746;48.2104692202116;0,16.4113692917561;48.2104578116528;0,16.4114451493696;48.2104664181094;0,16.4115102988503;48.2104938386806;0,16.4115548326735;48.210535670063;0,16.4115719456707;48.2105857076017;0,,,,,,,,,,,,,,,,,,,,,,,,,,,,,,,,,,,,,,,,,,,,,,,,,,,,,,,,,,,,,,,,,,,,,,,,,,,,,,,,,,,,,,,,,,,,,,,,,,,,,,,,
16.4112659132406;48.210878126978;0,16.4112510019155;48.2109316671445;0,16.4112064680923;48.2109774014548;0,16.4111391169394;48.2110082245787;0,16.4110592562857;48.2110194329874;0,16.4109788952518;48.2110095255547;0,16.4109103431869;48.2109799033318;0,16.4108641080715;48.210934969622;0,16.4108471952263;48.2108817296808;0,16.4108621065514;48.2108281895144;0,16.4109066403746;48.2107825552791;0,16.4109738914515;48.2107517321552;0,16.4110538521813;48.2107404236715;0,16.4111342132151;48.2107503311041;0,16.411202665204;48.2107800534021;0,16.4112489003194;48.2108248870368;0,16.4112659132406;48.210878126978;0,,,,,,,,,,,,,,,,,,,,,,,,,,,,,,,,,,,,,,,,,,,,,,,,,,,,,,,,,,,,,,,,,,,,,,,,,,,,,,,,,,,,,,,,,,,,,,,,,,,,,,,,
16.4120577146099;48.2121079496047;0,16.4118394488381;48.2122224354933;0,16.4126098339418;48.2128748249231;0,16.4126534670809;48.2128519077304;0,16.412654467841;48.212852708331;0,16.4132852469146;48.212521860125;0,16.4131153178543;48.2123780522387;0,16.4126592714894;48.2126173317489;0,16.4120577146099;48.2121079496047;0,,,,,,,,,,,,,,,,,,,,,,,,,,,,,,,,,,,,,,,,,,,,,,,,,,,,,,,,,,,,,,,,,,,,,,,,,,,,,,,,,,,,,,,,,,,,,,,,,,,,,,,,,,,,,,,,
16.4159792930295;48.213315255339;0,16.4165368164658;48.2129127533775;0,16.4164718671371;48.2128741243976;0,16.4165462236105;48.2128191831801;0,16.416138513957;48.2125695959369;0,16.4160653583957;48.2126198336258;0,16.4159898010102;48.2125725981893;0,16.4154315770419;48.2129737991747;0,16.4155129388357;48.2130273393412;0,16.4154375816023;48.2130786778559;0,16.4158462920158;48.2133270641981;0,16.4159215491733;48.2132757256834;0,16.4159792930295;48.213315255339;0,,,,,,,,,,,,,,,,,,,,,,,,,,,,,,,,,,,,,,,,,,,,,,,,,,,,,,,,,,,,,,,,,,,,,,,,,,,,,,,,,,,,,,,,,,,,,,,,,,,,,,,,,,,,
16.4143812793459;48.2126051225894;0,16.4144000936353;48.2125746997659;0,16.4144548352112;48.2124992431575;0,16.4144718481324;48.2124724230367;0,16.4144752507167;48.2124333937565;0,16.4144618405317;48.2124097760383;0,16.4144287153733;48.2123789529144;0,16.4143639661966;48.2123259131234;0,16.414313928193;48.212285382717;0,16.4142884088112;48.2122637665003;0,16.4142707954339;48.2122389478811;0,16.4142752988542;48.2122234362441;0,16.41429921702;48.2122175318145;0,16.4143534582159;48.21221172746;0,16.4144197085327;48.2122114272348;0,16.4144810551251;48.2122190329407;0,16.4145407004254;48.2122313421752;0,16.4146013464858;48.2122550599685;0,16.4146481820572;48.2122808793385;0,16.4146937166405;48.2123179071172;0,16.4147233391386;48.2123548348207;0,16.4147429540361;48.2123981673293;0,16.4147485582925;48.2124438015646;0,16.4147404521359;48.2124880347488;0,16.4147195362504;48.2125353702604;0,16.414687311776;48.2125728984145;0,16.4146518848695;48.2126037215383;0,16.4145937407093;48.2126371466142;0,16.4145328944969;48.2126595634316;0,16.4144707472964;48.2126735739424;0,16.4144146046563;48.2126792782218;0,16.414368769845;48.212679478372;0,16.4143515567717;48.2126721728913;0,16.4143518569998;48.2126568614045;0,16.4143812793459;48.2126051225894;0,,,,,,,,,,,,,,,,,,,,,,,,,,,,,,,,,,,,,,,,,,,,,,,,,,,,,,,,,,,,,,,,,,,,,,,,,,,,,,,,,,,,,,
16.4153547186683;48.212101845025;0,16.4153999530236;48.2120378970505;0,16.4154494906471;48.2119725480249;0,16.415461299616;48.2119474291805;0,16.4154574967277;48.211917106432;0,16.4154455876829;48.2118930884134;0,16.4154126626765;48.2118618649893;0,16.4153470128157;48.2118090253484;0,16.4152844653112;48.2117570863832;0,16.4152603469935;48.2117338689652;0,16.4152565441052;48.2117187576285;0,16.4152657510979;48.2117088501959;0,16.4152979755722;48.2117016447903;0,16.4153543183643;48.2116963408112;0,16.4154237711133;48.2116976417872;0,16.4154728083568;48.2117049472678;0,16.4155234468165;48.2117159555264;0,16.4155674802597;48.2117315672384;0,16.4156166175792;48.2117565860078;0,16.4156603507944;48.2117875092067;0,16.4156951772449;48.2118215347331;0,16.4157219976149;48.2118662682927;0,16.4157355078758;48.2119199085342;0,16.4157289028594;48.2119779520791;0,16.4157063857577;48.2120226856387;0,16.4156702583191;48.2120648172463;0,16.4156181187193;48.2121056478779;0,16.4155560715949;48.2121335688245;0,16.4154939243944;48.2121524830142;0,16.4154455876829;48.2121613896961;0,16.415406457964;48.212165192549;0,16.4153477133478;48.212165192549;0,16.4153355040749;48.2121559856419;0,16.4153355040749;48.2121398735544;0,16.4153547186683;48.212101845025;0,,,,,,,,,,,,,,,,,,,,,,,,,,,,,,,,,,,,,,,,,,,,,,,,,,,,,,,,,,,,,,,,,,,,,,,,,,,,,,,,,,,,,,
16.4150520888224;48.2126920878317;0,16.4149649226201;48.2126195334006;0,16.4156930756488;48.21223104195;0,16.4157802418511;48.2123035963811;0,16.4150520888224;48.2126920878317;0,,,,,,,,,,,,,,,,,,,,,,,,,,,,,,,,,,,,,,,,,,,,,,,,,,,,,,,,,,,,,,,,,,,,,,,,,,,,,,,,,,,,,,,,,,,,,,,,,,,,,,,,,,,,,,,,,,,,
16.4150224663243;48.21230870021;0,16.4149513122831;48.2122913872216;0,16.4148915669068;48.2122654677766;0,16.4148419292072;48.2122345445777;0,16.4148061019966;48.2122002188261;0,16.4147926918117;48.2121823053872;0,16.4147712755461;48.2121465785846;0,16.4147631693895;48.2121179571124;0,16.4147549631569;48.2120808292587;0,16.4147631693895;48.2120428007293;0,16.4147765795745;48.2119998685211;0,16.4148039003245;48.2119640416433;0,16.4148399276871;48.2119314171681;0,16.4148796578619;48.2119035962966;0,16.4149295957896;48.2118792780527;0,16.414977932501;48.2118620651394;0,16.4150284708847;48.2118506565806;0,16.4150909183132;48.211844652076;0,16.4151132352628;48.2118536588329;0,16.4151148364789;48.2118710718964;0,16.4150824118526;48.2119527331596;0,16.4150347756732;48.2120371965249;0,16.4150288711887;48.21206962085;0,16.415033174457;48.2121033461511;0,16.4150664997675;48.2121357704762;0,16.4151126348068;48.2121641917982;0,16.415171179271;48.2122002188261;0,16.4152088078497;48.2122252375955;0,16.4152383302719;48.2122464535119;0,16.4152716555823;48.2122786776868;0,16.4152624485896;48.212293188573;0,16.4152034037454;48.2123074993091;0,16.4151309487161;48.2123129033633;0,16.4150772079002;48.2123129033633;0,16.4150224663243;48.21230870021;0,,,,,,,,,,,,,,,,,,,,,,,,,,,,,,,,,,,,,,,,,,,,,,,,,,,,,,,,,,,,,,,,,,,,,,,,,,,,,,,,,,,,,,
16.4140717442555;48.2128231861832;0,16.4140081959909;48.2128122779997;0,16.4139602595835;48.2127961659123;0,16.4139146249242;48.2127782524734;0,16.4138675892007;48.2127496310013;0,16.4138315618381;48.2127171066011;0,16.41380143896;48.2126738741676;0,16.4137854267988;48.2126274393317;0,16.4137788217823;48.2125778020933;0,16.4137970356156;48.2125226607256;0,16.4138237559096;48.2124809294183;0,16.4138560804599;48.2124493056939;0,16.4138927082786;48.2124234863239;0,16.4139464490945;48.2123948648517;0,16.4139973877821;48.2123751500615;0,16.4140700429634;48.2123611395506;0,16.4141234835513;48.2123587377488;0,16.4141393956364;48.212365442779;0,16.4141395957884;48.2123883599717;0,16.4141234835513;48.2124270890267;0,16.4141046692619;48.2124711220607;0,16.4140820520843;48.2125134538185;0,16.4140553317903;48.2125586877535;0,16.4140515289021;48.2125912121537;0,16.4140612362748;48.2126169314486;0,16.4140880566447;48.2126473542721;0,16.4141314896318;48.2126741743929;0,16.4142116505136;48.2127259132079;0,16.4142524815246;48.2127509319773;0,16.4142908106354;48.2127812547257;0,16.4142941131436;48.2127992682397;0,16.4142776006024;48.2128071741708;0,16.4142336672352;48.2128205842312;0,16.4141761235311;48.2128262885106;0,16.4141235836273;48.2128276895617;0,16.4140717442555;48.2128231861832;0,,,,,,,,,,,,,,,,,,,,,,,,,,,,,,,,,,,,,,,,,,,,,,,,,,,,,,,,,,,,,,,,,,,,,,,,,,,,,,,,,,,,,
16.4168756738263;48.212661464858;0,16.4163177500859;48.2123258130483;0,16.4165073941197;48.2121841067386;0,16.4170636165679;48.212525763053;0,16.4168756738263;48.212661464858;0,,,,,,,,,,,,,,,,,,,,,,,,,,,,,,,,,,,,,,,,,,,,,,,,,,,,,,,,,,,,,,,,,,,,,,,,,,,,,,,,,,,,,,,,,,,,,,,,,,,,,,,,,,,,,,,,,,,,
16.4226141321573;48.2106060228425;0,16.422527566411;48.2106588624833;0,16.4224474055292;48.2107045967937;0,16.4223713477637;48.2107362205182;0,16.4222863832336;48.2107705462698;0,16.4221932124708;48.2107971662404;0,16.4221228590378;48.2108118772768;0,16.4220534062887;48.210821184259;0,16.4219790498154;48.2108254874873;0,16.4219111982825;48.2108260879378;0,16.42184985169;48.2108200834331;0,16.4217975119382;48.2108102760755;0,16.4217549796352;48.2107988675167;0,16.4217068430757;48.2107797531769;0,16.4216478983074;48.210747629077;0,16.4216078679045;48.2107155049772;0,16.421572741226;48.2106789775739;0,16.4215564288368;48.2106522575282;0,16.4215376145474;48.2106185322271;0,16.4215007865768;48.2105389725406;0,16.4214876766198;48.210480128395;0,16.4214754673469;48.210407674039;0,16.4214746667389;48.2103309164546;0,16.4215015871848;48.2103325176558;0,16.4215007865768;48.2103135033911;0,16.4214452443928;48.2103102009135;0,16.4214680617224;48.2101696955048;0,16.4215343120392;48.2101723975319;0,16.4215506244284;48.2101211590923;0,16.4215800467745;48.210080828836;0,16.4216045653963;48.2100553096913;0,16.4217918076058;48.2099245115651;0,16.4218710678036;48.2098618645666;0,16.4218228311681;48.2098335433197;0,16.4218874802687;48.2097894102105;0,16.4219250087715;48.2098123274033;0,16.4231439345396;48.2086320419399;0,16.4234964022371;48.2088464027558;0,16.4235544463213;48.2088187820344;0,16.4236445147278;48.2088190822597;0,16.4237151683889;48.2088513064346;0,16.4237512958275;48.2089068481026;0,16.4237448909631;48.2089479789594;0,16.4237071623083;48.2089876086901;0,16.4238043361114;48.2090465529107;0,16.4238857979813;48.2090988921762;0,16.4239545501982;48.2090732729564;0,16.4240305078877;48.2090704708542;0,16.4241162730259;48.2090981916506;0,16.4241505990964;48.2091423247598;0,16.4241524004645;48.209189159896;0,16.4241095679334;48.2092328927049;0,16.424130984199;48.2092480040416;0,16.4230343513117;48.2100366957269;0,16.4230171382384;48.2101081493322;0,16.4230057295736;48.2101532831921;0,16.4229812109518;48.2102148293647;0,16.4229362768246;48.2102911866488;0,16.4228970470298;48.2103440262897;0,16.4228504116104;48.2104027703602;0,16.4227989725427;48.2104589124786;0,16.4227057017039;48.2105400733664;0,16.4226141321573;48.2106060228425;0,,,,,,,,,,,,,,,,,,,,,,,,,,,,,,,,,,,,,,,,,,,,,,,,,,,,,,,,,,
16.4128031807878;48.2100401983546;0,16.4127001025003;48.2099543339382;0,16.4131810677911;48.2096968407639;0,16.4132841460786;48.2097884094598;0,16.4128031807878;48.2100401983546;0,,,,,,,,,,,,,,,,,,,,,,,,,,,,,,,,,,,,,,,,,,,,,,,,,,,,,,,,,,,,,,,,,,,,,,,,,,,,,,,,,,,,,,,,,,,,,,,,,,,,,,,,,,,,,,,,,,,,
16.411851758187;48.2105437761443;0,16.4117471787594;48.2104540087998;0,16.4125942220847;48.2100154798105;0,16.4126988015122;48.2101051470799;0,16.411851758187;48.2105437761443;0,,,,,,,,,,,,,,,,,,,,,,,,,,,,,,,,,,,,,,,,,,,,,,,,,,,,,,,,,,,,,,,,,,,,,,,,,,,,,,,,,,,,,,,,,,,,,,,,,,,,,,,,,,,,,,,,,,,,
16.4197459537899;48.2112494055153;0,16.4210821686385;48.2103002934809;0,16.4211436153069;48.2102551596209;0,16.4211930528545;48.2102189324429;0,16.4212095653957;48.2102070235087;0,16.4212240764168;48.2101965156256;0,16.4212456928343;48.2101809039135;0,16.4212598035513;48.2101706962556;0,16.4211762400853;48.2101201583415;0,16.4211611286082;48.2101110515094;0,16.4211368101384;48.2100959401727;0,16.4210574498647;48.2100465030845;0,16.4210441397557;48.210038196853;0,16.4210180199179;48.2100221848407;0,16.4209316543236;48.2099691450496;0,16.4209176436826;48.2099789524072;0,16.420895827113;48.2099940637439;0,16.4208805154839;48.2100047717772;0,16.4208609005865;48.2100184820628;0,16.4208205699556;48.2100483044359;0,16.420757421995;48.210095039497;0,16.4204368785438;48.2103256124755;0,16.4200943183711;48.2105675940127;0,16.4194242094266;48.2110465533334;0,16.4193166277188;48.2111252123442;0,16.4192713933635;48.2111582371198;0,16.4192271597683;48.2111906614449;0,16.4191271838371;48.2112637162514;0,16.4191879299735;48.2113001435796;0,16.4192541802903;48.211340774061;0,16.4193341410201;48.2113933134767;0,16.4193834784917;48.2114261381021;0,16.4194397212077;48.2114646670069;0,16.4195503051957;48.2113869086717;0,16.4195949390949;48.2113554850974;0,16.4196358701819;48.2113267635502;0,16.4197459537899;48.2112494055153;0,,,,,,,,,,,,,,,,,,,,,,,,,,,,,,,,,,,,,,,,,,,,,,,,,,,,,,,,,,,,,,,,,,,,,,,,,,,,,,,,,,,,
16.4132231997901;48.2132400989558;0,16.4132863477507;48.2132681199775;0,16.4133566011078;48.2132821304883;0,16.41344176579;48.2132849325905;0,16.4139040168674;48.2130196335602;0,16.4137369900113;48.2129346698194;0,16.4134477703504;48.2130876846129;0,16.4133986330308;48.2130911872406;0,16.4133463933551;48.213078777931;0,16.4130912996126;48.2128990430919;0,16.4129053583912;48.2129990180942;0,16.4132231997901;48.2132400989558;0,,,,,,,,,,,,,,,,,,,,,,,,,,,,,,,,,,,,,,,,,,,,,,,,,,,,,,,,,,,,,,,,,,,,,,,,,,,,,,,,,,,,,,,,,,,,,,,,,,,,,,,,,,,,,
16.409874556512;48.2129696960966;0,16.4096720026733;48.2127640418124;0,16.4107349099462;48.2123020952549;0,16.4108341853454;48.2124045721342;0,16.410871113392;48.2123886601969;0,16.4108952317098;48.2124136789663;0,16.4108583036631;48.2124294908285;0,16.4109361627967;48.2125099511908;0,16.4108418911979;48.2125492806962;0,16.4109867011804;48.2126325431607;0,16.4110286330274;48.2126567613294;0,16.4109482719936;48.2127215099045;0,16.4107292056138;48.21259941831;0,16.4106387369032;48.2126379472148;0,16.4106692600854;48.2126689704888;0,16.4107638319123;48.2126210345267;0,16.4109072408307;48.2127432261963;0,16.4104116644428;48.2130036215478;0,16.4102667543843;48.212881129653;0,16.410400656082;48.2128105767234;0,16.4103532200546;48.2127629409866;0,16.4102627513441;48.2128020703418;0,16.4102359309741;48.2130149300315;0,16.4101053317847;48.2130076245509;0,16.410123645694;48.2128621153883;0,16.409971029783;48.2129280648643;0,16.409874556512;48.2129696960966;0,,,,,,,,,,,,,,,,,,,,,,,,,,,,,,,,,,,,,,,,,,,,,,,,,,,,,,,,,,,,,,,,,,,,,,,,,,,,,,,,,,,,,,,,,,,,,,
16.409971029783;48.2129280648643;0,16.4100901202316;48.2130444521794;0,16.4096727032054;48.2132528084906;0,16.4095439053841;48.2134343446811;0,16.4092172572964;48.2133271642732;0,16.4092047477955;48.2133376721563;0,16.4091779274256;48.2133239618707;0,16.4091823307699;48.2133177572159;0,16.4091580123002;48.2133080499334;0,16.4090888597792;48.2133080499334;0,16.4089963895485;48.2132767264341;0,16.4090082985933;48.2132611147221;0,16.4088574840504;48.2132092758319;0,16.4089727716108;48.21304525278;0,16.4091528083478;48.2131027959495;0,16.4093975942615;48.2131830561617;0,16.409971029783;48.2129280648643;0,,,,,,,,,,,,,,,,,,,,,,,,,,,,,,,,,,,,,,,,,,,,,,,,,,,,,,,,,,,,,,,,,,,,,,,,,,,,,,,,,,,,,,,,,,,,,,,,,,,,,,,,
16.4098407308215;48.2117534836804;0,16.409528693831;48.2119185074831;0,16.4094626436662;48.2119653426193;0,16.4094228134153;48.2119915622896;0,16.409377378908;48.2120137789568;0,16.409294716126;48.2120415998284;0,16.4092346705217;48.2120743243787;0,16.4091991435391;48.2121089503555;0,16.4091640168606;48.2121506816628;0,16.4091269887379;48.2121919125947;0,16.4090899606152;48.2122119276102;0,16.4091459031033;48.2122606641729;0,16.409073247922;48.212304797282;0,16.408989484304;48.212361639926;0,16.4089522560293;48.2123807542658;0,16.4088879071566;48.2124012696567;0,16.4088322648966;48.2124256879756;0,16.4088068455908;48.2124434012643;0,16.4087801252968;48.2124639166552;0,16.4087349910176;48.2125164560708;0,16.4087171774883;48.2125427758162;0,16.4086921584865;48.2125628909067;0,16.408657832416;48.2125815048712;0,16.4087141752081;48.2126280397822;0,16.4086405192667;48.2126712722156;0,16.4085670634774;48.2127229109556;0,16.4085356396111;48.2127411246197;0,16.4084622838978;48.21276734429;0,16.4084119456662;48.2127855579541;0,16.4083700138192;48.2128115774742;0,16.4083388901809;48.2128437015741;0,16.4082778438165;48.2129165562304;0,16.4082303077131;48.2129477796546;0,16.4082747414603;48.2129863085594;0,16.4082890523293;48.2129784026283;0,16.4083464959575;48.2130285402421;0,16.4084722914986;48.2129628909913;0,16.408533037635;48.2129246623117;0,16.4086015896999;48.2128769264998;0,16.4087154761962;48.212830691814;0,16.409100668748;48.2126306417342;0,16.409059037129;48.2125962159075;0,16.4090652418414;48.2125924130546;0,16.4090413236757;48.2125731986397;0,16.4090021939569;48.2125417750654;0,16.4090464275521;48.2125158556204;0,16.4091393981628;48.2124519076459;0,16.4092132542561;48.2124229859485;0,16.4093035228147;48.2123829559175;0,16.4094500340893;48.2123052976574;0,16.4094866619079;48.2122882848943;0,16.4095324967192;48.2122623654492;0,16.4094899644162;48.2122305415746;0,16.4094974701167;48.2122260381961;0,16.4094642448823;48.2121993181504;0,16.40943222056;48.2121726981798;0,16.4095352988474;48.2121200586891;0,16.4096195628455;48.2120563108647;0,16.409667098949;48.2120340941975;0,16.4097854888655;48.2119892605629;0,16.4098837635046;48.2119371214475;0,16.4099105838746;48.2119229107865;0,16.4099630237024;48.211895089915;0,16.4099207916273;48.2118584624366;0,16.4099252950476;48.21185636086;0,16.4098979742977;48.2118325429916;0,16.4098626474671;48.2118018199428;0,16.4098839636567;48.2117920125852;0,16.4098407308215;48.2117534836804;0,,,,,,,,,,,,,,,,,,,,,,,,,,,,,,,,,,,,,,,,,,,,,,,,,,,,
16.4104011564621;48.2118508567307;0,16.41053806044;48.2119679445714;0,16.4105434645443;48.2119651424692;0,16.410580492667;48.2119973666441;0,16.4105930021679;48.2119910619142;0,16.4106335329509;48.2120263884166;0,16.4106432403236;48.2120213846627;0,16.4107009841797;48.2120717224267;0,16.4107176968729;48.21206311597;0,16.4107768417932;48.21211475471;0,16.4107893512941;48.212108349905;0,16.4108498972785;48.2121610894708;0,16.4108590041952;48.2121564860173;0,16.4109199504836;48.2122096258834;0,16.4111354141272;48.2120939390939;0,16.4110754685988;48.2120429008044;0,16.4110791714111;48.2120408993028;0,16.4110167239826;48.2119876593616;0,16.4110130211703;48.2119895607881;0,16.4109551772381;48.2119402237749;0,16.4109586798984;48.2119383223484;0,16.4108970330779;48.2118857829328;0,16.4108935304177;48.2118875842842;0,16.4108547009269;48.2118544594335;0,16.4108581035111;48.2118526580821;0,16.4108179730322;48.2118185324807;0,16.410814570448;48.2118202337571;0,16.4105582757934;48.2116016697879;0,16.410427476452;48.2116707215914;0,16.4103127893477;48.211747779401;0,16.4101740840016;48.211804622045;0,16.4101343538268;48.2118255377362;0,16.4100901202316;48.2118534586828;0,16.4100463870164;48.2118923878879;0,16.4100051557014;48.2119172065071;0,16.4100452861803;48.2119503313577;0,16.4100193664944;48.2119632410427;0,16.409986041184;48.2119735487757;0,16.4099561184579;48.2119828557579;0,16.4099702291749;48.2119963658933;0,16.4099817379157;48.212007474227;0,16.4097276449334;48.2121398735544;0,16.4096889155185;48.2121653926991;0,16.4096422800992;48.2122197334662;0,16.4096217645177;48.2122382473555;0,16.409585036623;48.2122591630467;0,16.409626267938;48.2122927882727;0,16.4095617189133;48.2123263134237;0,16.4095275929949;48.2123440267124;0,16.4094959689766;48.2123604390251;0,16.4095175853942;48.2123780522387;0,16.4095481085764;48.2124031710832;0,16.4093247389282;48.2125200587736;0,16.4092993196224;48.2125404740894;0,16.4092839079173;48.2125649924834;0,16.409280004953;48.2125914123038;0,16.4092880110336;48.212617431824;0,16.4093054242588;48.2126651676359;0,16.4093943918292;48.2126490555484;0,16.4093802811122;48.2126079246916;0,16.4093749770838;48.2125869089253;0,16.4093794805042;48.2125765011173;0,16.4093882871928;48.2125674943603;0,16.4094006966177;48.21256058918;0,16.4098176132639;48.2123397234841;0,16.4098677513435;48.212305998183;0,16.409998850913;48.212197516799;0,16.4102093107562;48.2120277894677;0,16.4102936748303;48.2119793531302;0,16.4104048592743;48.2119231109367;0,16.4103496173183;48.2118772765512;0,16.4104011564621;48.2118508567307;0,,,,,,,,,,,,,,,,,,,,,,,,,,,,,,,,,,,,,,,,,,,,,,,,,
16.4239180224556;48.2110962906468;0,16.4238602785994;48.2110816796855;0,16.4238069380876;48.2110639663968;0,16.4237981313989;48.2110725728535;0,16.4237862223541;48.211068069475;0,16.4237921268385;48.2110583621925;0,16.4237378856426;48.2110371462761;0,16.423688548171;48.2110129281073;0,16.4236773396582;48.2110206338883;0,16.4236676322855;48.211015029684;0,16.4236764389741;48.2110059228519;0,16.4236257004384;48.2109786023558;0,16.4235842689715;48.2109499808836;0,16.4235730604586;48.2109563856886;0,16.423564654074;48.2109503811839;0,16.4235752621308;48.2109437762288;0,16.4235344311198;48.2109109516034;0,16.4235003052014;48.2108770261522;0,16.4234889966126;48.2108813293805;0,16.42348129076;48.2108740238998;0,16.4234936001089;48.2108682195454;0,16.4234636773827;48.210834194019;0,16.4234369570888;48.2107943641382;0,16.4234226462198;48.2107958652644;0,16.4234175423434;48.2107884597086;0,16.4234310526044;48.2107847569308;0,16.4234107371749;48.2107466283263;0,16.4233957257738;48.2107063981451;0,16.4233783125486;48.2107067984454;0,16.4233783125486;48.2106954899617;0,16.4233938243297;48.2106954899617;0,16.4233816150568;48.2106516570778;0,16.4233767113324;48.2106127278726;0,16.423329275305;48.2106127278726;0,16.4233401835898;48.2105044466389;0,16.4233782124725;48.2104042714863;0,16.4234315529844;48.2103274138269;0,16.4234072345146;48.2103181068447;0,16.4234936001089;48.2102297405513;0,16.4235955775603;48.2101584870961;0,16.4237196718092;48.2100970409986;0,16.4237340827543;48.2101119521851;0,16.4238519722908;48.2100695203523;0,16.4239980832614;48.2100390975288;0,16.4241549023647;48.2100271885945;0,16.4241549023647;48.2100580117184;0,16.4242229540496;48.2100587122439;0,16.4242818988179;48.210062615172;0,16.4242824992739;48.210052407514;0,16.424296609991;48.2100528078144;0,16.4242963097629;48.2100649168987;0,16.4243477488307;48.2100699206526;0,16.4244189028718;48.2100834307881;0,16.4244241068242;48.2100728228298;0,16.4244345147289;48.2100750244816;0,16.4244322129808;48.2100861328152;0,16.4244876550888;48.2100991425752;0,16.424546599857;48.210119557891;0,16.4245543057096;48.2101102509088;0,16.4245657143744;48.2101134533113;0,16.42455930951;48.2101238611193;0,16.4246159525301;48.2101446767354;0,16.4246639890135;48.2101677940783;0,16.4246756979064;48.2101615894235;0,16.4246851050511;48.2101669934777;0,16.4246766986664;48.210175099559;0,16.4246885076353;48.2101830054901;0,16.4247502545318;48.2102226352208;0,16.4247653660089;48.2102320422781;0,16.4247782758138;48.2102253372479;0,16.4247878831105;48.2102312416774;0,16.4247770749017;48.2102404485846;0,16.424849630007;48.2103060978354;0,16.4248649416361;48.2103011941566;0,16.4248728476406;48.2103082994871;0,16.4248594374557;48.2103153047425;0,16.424892262386;48.2103546342479;0,16.4249137787276;48.2103878591736;0,16.4249300911168;48.2103848569213;0,16.4249359956012;48.2103942639786;0,16.4249200835161;48.2103972662309;0,16.4249386976534;48.2104346943099;0,16.4249544095865;48.2104766257673;0,16.4249722231158;48.2104758251667;0,16.4249738243319;48.210487834176;0,16.4249585127028;48.2104883345514;0,16.4249681199995;48.2105268634562;0,16.4249728235719;48.2105696955893;0,16.4249899365691;48.2105701959647;0,16.4249904369491;48.2105747994183;0,16.4250183581552;48.2105745992681;0,16.425016156483;48.210633843714;0,16.4250150556469;48.2106675690151;0,16.4250050480462;48.2106991927396;0,16.4249836317807;48.2107575365097;0,16.4249700214437;48.2107877591831;0,16.4249484050261;48.210821284334;0,16.4249265884565;48.2108552097853;0,16.4249433011497;48.2108650171429;0,16.4248707460445;48.2109428755531;0,16.4248656421681;48.210951782235;0,16.4247573599283;48.2110304412459;0,16.4246313642352;48.2110883847157;0,16.4246111488817;48.2110699709015;0,16.4245273852637;48.2110998933496;0,16.4244727437637;48.2111154049866;0,16.4243704660843;48.211136620903;0,16.4242016378601;48.2111497307382;0,16.4242035393042;48.2111356201523;0,16.4241954331476;48.2111358203024;0,16.4241954331476;48.2111252123442;0,16.4241294830589;48.2111247119688;0,16.4240675360104;48.2111213094162;0,16.4240669355544;48.2111310166987;0,16.4240538255974;48.2111310166987;0,16.4240532251414;48.2111190076894;0,16.4239969824253;48.2111123026592;0,16.4239315327166;48.2111004938001;0,16.4239273295243;48.2111086999564;0,16.4239138192633;48.2111063982297;0,16.4239180224556;48.2110962906468;0
16.4230995007924;48.2081041459064;0,16.4230270457632;48.2080561098692;0,16.4229531896698;48.2080071731564;0,16.4232155889608;48.2078279386927;0,16.4233639016035;48.2079230100163;0,16.4230995007924;48.2081041459064;0,,,,,,,,,,,,,,,,,,,,,,,,,,,,,,,,,,,,,,,,,,,,,,,,,,,,,,,,,,,,,,,,,,,,,,,,,,,,,,,,,,,,,,,,,,,,,,,,,,,,,,,,,,,,,,,,,,,
16.4224050733782;48.2064174805512;0,16.4223421255696;48.2063676431627;0,16.422430492684;48.2063181059993;0,16.4224934404926;48.2063679433879;0,16.4224050733782;48.2064174805512;0,,,,,,,,,,,,,,,,,,,,,,,,,,,,,,,,,,,,,,,,,,,,,,,,,,,,,,,,,,,,,,,,,,,,,,,,,,,,,,,,,,,,,,,,,,,,,,,,,,,,,,,,,,,,,,,,,,,,
16.4098897680651;48.213448355192;0,16.4117250619618;48.212493438803;0,16.4118086254278;48.2125647923332;0,16.4120951430366;48.2128092757474;0,16.412170300118;48.2128734238721;0,16.4103350062213;48.2138282401859;0,16.4098897680651;48.213448355192;0,,,,,,,,,,,,,,,,,,,,,,,,,,,,,,,,,,,,,,,,,,,,,,,,,,,,,,,,,,,,,,,,,,,,,,,,,,,,,,,,,,,,,,,,,,,,,,,,,,,,,,,,,,,,,,,,,,
16.42290004931;48.2113964158041;0,16.4226149327653;48.2112180820161;0,16.4227232150052;48.2111410242065;0,16.4230083315498;48.2113211593459;0,16.42290004931;48.2113964158041;0,,,,,,,,,,,,,,,,,,,,,,,,,,,,,,,,,,,,,,,,,,,,,,,,,,,,,,,,,,,,,,,,,,,,,,,,,,,,,,,,,,,,,,,,,,,,,,,,,,,,,,,,,,,,,,,,,,,,
16.4136335114198;48.2094166305471;0,16.4136019874775;48.2093892099758;0,16.4138775968015;48.2092483042668;0,16.4139091207438;48.209275724838;0,16.4136335114198;48.2094166305471;0,,,,,,,,,,,,,,,,,,,,,,,,,,,,,,,,,,,,,,,,,,,,,,,,,,,,,,,,,,,,,,,,,,,,,,,,,,,,,,,,,,,,,,,,,,,,,,,,,,,,,,,,,,,,,,,,,,,,
16.4179044551807;48.2114988926834;0,16.4178102836579;48.2114411493637;0,16.4178457105644;48.2114154300688;0,16.4179398820873;48.2114731733885;0,16.4179044551807;48.2114988926834;0,,,,,,,,,,,,,,,,,,,,,,,,,,,,,,,,,,,,,,,,,,,,,,,,,,,,,,,,,,,,,,,,,,,,,,,,,,,,,,,,,,,,,,,,,,,,,,,,,,,,,,,,,,,,,,,,,,,,
16.4162834240155;48.206485731754;0,16.4166428970335;48.206366742487;0,16.4170447022025;48.2069058469291;0,16.4169221090936;48.2069463773355;0,16.416816128602;48.2068041706505;0,16.41676078657;48.2068224843896;0,16.4167010411937;48.2067423242526;0,16.4166160766635;48.2067704453494;0,16.4165451227744;48.2066752739507;0,16.4165783480088;48.2066642656922;0,16.4165623358476;48.2066428496256;0,16.4166191790197;48.2066240355111;0,16.4165984632862;48.2065962146395;0,16.4166406953613;48.2065822041287;0,16.4165627361517;48.2064776256728;0,16.4163338623231;48.2065533825064;0,16.4162834240155;48.206485731754;0,,,,,,,,,,,,,,,,,,,,,,,,,,,,,,,,,,,,,,,,,,,,,,,,,,,,,,,,,,,,,,,,,,,,,,,,,,,,,,,,,,,,,,,,,,,,,,,,,,,,,,,,
16.422388460761;48.2064468025489;0,16.4224124790027;48.206432691963;0,16.4223924638013;48.2064175806263;0,16.4223684455595;48.2064317912873;0,16.422388460761;48.2064468025489;0,,,,,,,,,,,,,,,,,,,,,,,,,,,,,,,,,,,,,,,,,,,,,,,,,,,,,,,,,,,,,,,,,,,,,,,,,,,,,,,,,,,,,,,,,,,,,,,,,,,,,,,,,,,,,,,,,,,,
16.4224825322078;48.2112610142243;0,16.4223947655494;48.2112038713551;0,16.422444903629;48.2111696456786;0,16.4225326702874;48.2112266884727;0,16.4224825322078;48.2112610142243;0,,,,,,,,,,,,,,,,,,,,,,,,,,,,,,,,,,,,,,,,,,,,,,,,,,,,,,,,,,,,,,,,,,,,,,,,,,,,,,,,,,,,,,,,,,,,,,,,,,,,,,,,,,,,,,,,,,,,
16.4227009981316;48.2115968661842;0,16.4226758790538;48.2115841566494;0,16.4226983961554;48.211564241709;0,16.4227236153092;48.2115769512438;0,16.4227009981316;48.2115968661842;0,,,,,,,,,,,,,,,,,,,,,,,,,,,,,,,,,,,,,,,,,,,,,,,,,,,,,,,,,,,,,,,,,,,,,,,,,,,,,,,,,,,,,,,,,,,,,,,,,,,,,,,,,,,,,,,,,,,,
16.419568218801;48.211088785016;0,16.4195358942507;48.2111125028094;0,16.4195613135565;48.2111279143713;0,16.4195937381829;48.2111040965029;0,16.419568218801;48.211088785016;0,,,,,,,,,,,,,,,,,,,,,,,,,,,,,,,,,,,,,,,,,,,,,,,,,,,,,,,,,,,,,,,,,,,,,,,,,,,,,,,,,,,,,,,,,,,,,,,,,,,,,,,,,,,,,,,,,,,,
16.419650781507;48.2111386224046;0,16.4196182568046;48.2111625403481;0,16.4196436761105;48.21117795191;0,16.4196763008888;48.2111539338915;0,16.419650781507;48.2111386224046;0,,,,,,,,,,,,,,,,,,,,,,,,,,,,,,,,,,,,,,,,,,,,,,,,,,,,,,,,,,,,,,,,,,,,,,,,,,,,,,,,,,,,,,,,,,,,,,,,,,,,,,,,,,,,,,,,,,,,
16.4217104458119;48.2130072242506;0,16.42146185701;48.2128529084812;0,16.4213677855632;48.2129201589332;0,16.4214059145219;48.2129437766515;0,16.4214255294193;48.2129297661406;0,16.4215964592397;48.2130359457978;0,16.4215762438862;48.213050356609;0,16.4216157739091;48.213074975078;0,,,,,,,,,,,,,,,,,,,,,,,,,,,,,,,,,,,,,,,,,,,,,,,,,,,,,,,,,,,,,,,,,,,,,,,,,,,,,,,,,,,,,,,,,,,,,,,,,,,,,,,,,,,,,,,,,
16.4218242322322;48.2129326683179;0,16.4222844817894;48.2126062234153;0,16.4224273903278;48.2126957906096;0,16.4216256814338;48.2132644171996;0,16.4210828691706;48.2129244621615;0,16.4215079920493;48.2126229359532;0,16.4216625094045;48.212719608478;0,16.4218841777605;48.2128598136615;0,16.4217990130783;48.212918557732;0,,,,,,,,,,,,,,,,,,,,,,,,,,,,,,,,,,,,,,,,,,,,,,,,,,,,,,,,,,,,,,,,,,,,,,,,,,,,,,,,,,,,,,,,,,,,,,,,,,,,,,,,,,,,,,,,
16.419305919586;48.2073136528697;0,16.4192972129734;48.2073171554974;0,16.4193272357756;48.2073855067753;0,16.4193399454285;48.2073861072258;0,16.4193890827481;48.2074767752459;0,16.4194449251601;48.2075577359836;0,16.4194363186235;48.2075623394371;0,16.4194752481903;48.2076158796036;0,16.4194907599714;48.2076161798288;0,16.4195346933386;48.2076735228482;0,16.4195773257177;48.207657710986;0,16.4196203584008;48.2077074482994;0,16.4195691194851;48.2077292646663;0,16.4197110272633;48.2078604630928;0,16.4198533353456;48.2079703455279;0,16.4198983695489;48.2079424245813;0,16.4199583150772;48.207983455363;0,16.4199291929591;48.2080031701533;0,16.4199980452521;48.2080485041634;0,16.4199923409197;48.2080564100945;0,16.420065696633;48.2080985417021;0,16.4200731022575;48.2080944386239;0,16.4202891663572;48.2082045212091;0,16.4202895666612;48.2082124271402;0,16.420370428075;48.2082466528167;0,16.4203802355237;48.2082430501139;0,16.4204770090227;48.208278076391;0,16.4205040295447;48.2082452517656;0,16.4206234202213;48.208283280295;0,16.4207735342322;48.2083198076983;0,16.4209121395022;48.2083463275938;0,16.4210298288867;48.2083616390807;0,16.4211905509543;48.20837364809;0,16.4213172471795;48.2083764501921;0,16.4214386393763;48.2083717466635;0,16.4215436191079;48.2083619393059;0,16.4216617087964;48.2083442260172;0,16.4217645869319;48.2083231101759;0,16.4218441473576;48.208301293809;0,16.4219254090755;48.2082750741387;0,16.4220327906312;48.2082335429815;0,16.422112351057;48.2081952142269;0,16.4222148288884;48.2081356695558;0,16.4222861830816;48.2080845311912;0,16.4223506320302;48.2080315914753;0,16.4224255889597;48.2079523320139;0,16.4224842334999;48.2078749739791;0,16.4225224625347;48.2078129274311;0,16.4225555876931;48.2077486792313;0,16.422582307987;48.2076828298304;0,16.4226056256967;48.2075915613598;0,16.4226179350456;48.2074876834294;0,16.4226130313212;48.2073365700624;0,16.4225933163478;48.2072362948348;0,16.4225609917974;48.2071346185562;0,16.4225187597224;48.2070360446049;0,16.4224732251391;48.2069507806389;0,16.4224110779386;48.2068572104415;0,16.4222830807253;48.206704095573;0,16.4223233112803;48.2066860820591;0,16.4222347440139;48.2065975156155;0,16.4221076474847;48.2064926369344;0,16.4220242841706;48.206431390987;0,16.4219886571121;48.2064533074289;0,16.4219370178923;48.2064182811518;0,16.4219714440388;48.2063936626828;0,16.4219000898457;48.2063488290481;0,16.4219066948621;48.2063428245434;0,16.421836141277;48.2063018938368;0,16.4218271344364;48.206307297891;0,16.4217065428477;48.2062422490906;0,16.4216073675245;48.2061931122276;0,16.4216122712488;48.2061876080983;0,16.4215302089229;48.2061531822717;0,16.4215245045905;48.2061591867763;0,16.4214006104935;48.2061116511146;0,16.4212645071237;48.2060712207833;0,16.4212670090239;48.2060614134257;0,16.4210815681825;48.2060214834698;0,16.421075063242;48.2060274879744;0,16.4209241486231;48.2060028695054;0,16.4207830414529;48.2059886588444;0,16.420784742745;48.2059799523126;0,16.4206846667378;48.2059750486339;0,16.4206813642295;48.2059837551656;0,16.4205231440621;48.2059859568173;0,16.4203746312673;48.2059990666524;0,16.4203722294432;48.2059924616973;0,16.4202705522198;48.2060077731842;0,16.4202721534359;48.206016579791;0,16.4201671737043;48.2060367949566;0,16.4201827855615;48.2060717211587;0,16.4200983214113;48.2060925367748;0,16.4200761045377;48.2060614134257;0,16.4199802317228;48.2060887339218;0,16.4199767290626;48.2060833298676;0,16.4198807561716;48.2061207579466;0,16.4198852595919;48.2061281635023;0,16.4197647680792;48.2061839053205;0,16.419651181811;48.2062503551719;0,16.4196429755784;48.2062464522439;0,16.419567918573;48.2062983912091;0,16.4195789269338;48.2063057967648;0,16.4195071724366;48.2063582361054;0,16.4195453013954;48.2063792518716;0,16.4194936621756;48.206430090011;0,16.4194539320007;48.2064131773229;0,16.4193968886766;48.2064763246968;0,16.4193837787197;48.2064771252974;0,16.4193407460366;48.2065350687672;0,16.4193481516611;48.2065380710195;0,16.419305919586;48.206611025751;0,16.4192521787702;48.2067354190722;0,16.4192369672171;48.2067354190722;0,16.4192201544478;48.2068025694492;0,16.4192316631887;48.2068039705003;0,16.4192177526237;48.2070002177272;0,16.419208245403;48.2070021191536;0,16.4192308625806;48.2071385214842;0,16.4192455737537;48.2071385214842;0,16.41927799838;48.2072451014417;0
16.4203094817866;48.2065518813802;0,16.4202202139882;48.2065898098346;0,16.4201251417813;48.206656259686;0,16.4200693994453;48.2067212084113;0,16.420009954297;48.2068147786087;0,16.4199929413757;48.2069491794377;0,16.4199929413757;48.207006422382;0,16.4200068519407;48.2070705705066;0,16.4200427792273;48.2071849563201;0,16.4200996223994;48.2073001427343;0,16.4201471585029;48.2073642908589;0,16.4202237166484;48.2074539581283;0,16.4203268950119;48.2075521317793;0,16.4204405813561;48.2076363949945;0,16.4205565694485;48.2077051465727;0,16.4206458372469;48.2077491796067;0,16.4206934734264;48.2077692946973;0,16.4208198694235;48.2078187317856;0,16.4209740865507;48.2078605631679;0,16.4211051861202;48.2078875834388;0,16.4212675094039;48.2078998926734;0,16.421378894;48.2078960898204;0,16.4215092930374;48.2078746737538;0,16.4216015631161;48.2078489544589;0,16.4217059423916;48.2077994172956;0,16.4217813997011;48.2077422744264;0,16.4218486507779;48.2076619141392;0,16.4218845780645;48.2075675433412;0,16.421904293038;48.2074863824534;0,16.4218880807248;48.2073171554974;0,16.4218428463695;48.2071857569207;0,16.4217766961287;48.2070774756869;0,16.4216932327387;48.2069708957295;0,16.4215980604558;48.2068835301869;0,16.4214867759358;48.2067946635181;0,16.4213406649652;48.2067018939213;0,16.4211713363609;48.2066222341597;0,16.421020521818;48.2065680935428;0,16.4208767125956;48.2065356692177;0,16.4207410095298;48.206514053001;0,16.4206006028917;48.2065055466194;0,16.4205101341811;48.2065101500729;0,16.4204057549056;48.2065240605087;0,,,,,,,,,,,,,,,,,,,,,,,,,,,,,,,,,,,,,,,,,,,,,,,,,,,,,,,,,,,,,,,,,,,,,,,,,,,,,,
16.4208845185242;48.21018280534;0,16.4208596996744;48.2101668934026;0,16.42082647444;48.2101899106705;0,16.4208513933658;48.2102058226078;0,16.4208845185242;48.21018280534;0,,,,,,,,,,,,,,,,,,,,,,,,,,,,,,,,,,,,,,,,,,,,,,,,,,,,,,,,,,,,,,,,,,,,,,,,,,,,,,,,,,,,,,,,,,,,,,,,,,,,,,,,,,,,,,,,,,,,
16.4105957042201;48.2104272887541;0,16.4104045590463;48.2102669684801;0,16.4108199745523;48.2100470034599;0,16.4110111197262;48.210207423809;0,16.4105957042201;48.2104272887541;0,,,,,,,,,,,,,,,,,,,,,,,,,,,,,,,,,,,,,,,,,,,,,,,,,,,,,,,,,,,,,,,,,,,,,,,,,,,,,,,,,,,,,,,,,,,,,,,,,,,,,,,,,,,,,,,,,,,,
16.4095275929949;48.2123440267124;0,16.4095617189133;48.2123263134237;0,16.4094866619079;48.2122882848943;0,16.4094500340893;48.2123052976574;0,16.4095275929949;48.2123440267124;0,,,,,,,,,,,,,,,,,,,,,,,,,,,,,,,,,,,,,,,,,,,,,,,,,,,,,,,,,,,,,,,,,,,,,,,,,,,,,,,,,,,,,,,,,,,,,,,,,,,,,,,,,,,,,,,,,,,,
16.4209669811542;48.2102356449808;0,16.4209421623044;48.2102197330435;0,16.42090893707;48.2102427503113;0,16.4209337559198;48.2102586622487;0,16.4209669811542;48.2102356449808;0,,,,,,,,,,,,,,,,,,,,,,,,,,,,,,,,,,,,,,,,,,,,,,,,,,,,,,,,,,,,,,,,,,,,,,,,,,,,,,,,,,,,,,,,,,,,,,,,,,,,,,,,,,,,,,,,,,,,
16.4100193664944;48.2119632410427;0,16.4099105838746;48.2119229107865;0,16.4098837635046;48.2119371214475;0,16.409986041184;48.2119735487757;0,16.4100193664944;48.2119632410427;0,,,,,,,,,,,,,,,,,,,,,,,,,,,,,,,,,,,,,,,,,,,,,,,,,,,,,,,,,,,,,,,,,,,,,,,,,,,,,,,,,,,,,,,,,,,,,,,,,,,,,,,,,,,,,,,,,,,,
16.42146185701;48.2058500548621;0,16.4213333594167;48.2057667923977;0,16.4214165225787;48.2057098496786;0,16.421545020172;48.2057931121431;0,16.42146185701;48.2058500548621;0,,,,,,,,,,,,,,,,,,,,,,,,,,,,,,,,,,,,,,,,,,,,,,,,,,,,,,,,,,,,,,,,,,,,,,,,,,,,,,,,,,,,,,,,,,,,,,,,,,,,,,,,,,,,,,,,,,,,
16.4224273903278;48.2126957906096;0,16.4222844817894;48.2126062234153;0,16.4223447275458;48.2125640918077;0,16.4223230110522;48.2125475794199;0,16.4226990966874;48.2123317174779;0,16.422666071605;48.2123117024624;0,16.4226558638523;48.2123198085436;0,16.4224744260512;48.2122100261837;0,16.422305297599;48.2122165310637;0,16.4220882327393;48.2123759506621;0,16.4221367696028;48.212404271909;0,16.422085230459;48.2124254878254;0,16.4220394957237;48.2124523079462;0,16.4218850784446;48.2123555353463;0,16.4219917594683;48.2122770764856;0,16.4220096730736;48.2122871840684;0,16.4220180794582;48.2122609643981;0,16.4220548073528;48.2122138290366;0,16.4221019431522;48.2121707967533;0,16.4221963148271;48.2121239616171;0,16.4223262134845;48.2120896358655;0,16.4224481060613;48.2120821302347;0,16.4225732010703;48.2121101512564;0,16.422651260356;48.2121456779089;0,16.4227282188055;48.212198817775;0,16.4227912666901;48.2122721728068;0,16.4228721281039;48.2122484550134;0,16.4229543905819;48.2122471540374;0,16.4229542905059;48.212286683693;0,16.4229344754565;48.2123263134237;0,16.4224273903278;48.2126957906096;0,,,,,,,,,,,,,,,,,,,,,,,,,,,,,,,,,,,,,,,,,,,,,,,,,,,,,,,,,,,,,,,,,,,,,,,,,,,,,,,,,,,,,,,,,,
16.413415145572;48.2097059475959;0,16.4132863477507;48.2095972660618;0,16.4136335114198;48.2094166305471;0,16.4139091207438;48.209275724838;0,16.4146091524144;48.2089103507303;0,16.4147294437751;48.2090190322644;0,16.413415145572;48.2097059475959;0,,,,,,,,,,,,,,,,,,,,,,,,,,,,,,,,,,,,,,,,,,,,,,,,,,,,,,,,,,,,,,,,,,,,,,,,,,,,,,,,,,,,,,,,,,,,,,,,,,,,,,,,,,,,,,,,,,
16.4198637432504;48.2101276639723;0,16.4194167037261;48.2097751995495;0,16.4195534075519;48.209698241815;0,16.4200003470003;48.2100506061627;0,16.4198637432504;48.2101276639723;0,,,,,,,,,,,,,,,,,,,,,,,,,,,,,,,,,,,,,,,,,,,,,,,,,,,,,,,,,,,,,,,,,,,,,,,,,,,,,,,,,,,,,,,,,,,,,,,,,,,,,,,,,,,,,,,,,,,,
16.4232573206558;48.2121004439739;0,16.4232230946613;48.2120779270815;0,16.4232949492345;48.2120292905938;0,16.423329175229;48.2120518074863;0,16.4232573206558;48.2121004439739;0,,,,,,,,,,,,,,,,,,,,,,,,,,,,,,,,,,,,,,,,,,,,,,,,,,,,,,,,,,,,,,,,,,,,,,,,,,,,,,,,,,,,,,,,,,,,,,,,,,,,,,,,,,,,,,,,,,,,
16.4206758600491;48.2132245873188;0,16.4206317265299;48.2131921629937;0,16.4205337521188;48.2132116776338;0,16.4204469862206;48.2132012698257;0,16.4203783340796;48.2131789530835;0,16.420328996608;48.2131458282328;0,16.4202928691694;48.2131008945231;0,16.4202928691694;48.213051657585;0,16.4202274194607;48.2130097261275;0,16.4204312742874;48.2128625156886;0,16.4205124359293;48.2129103515756;0,16.4205935975712;48.2129206593086;0,16.4206678539685;48.2129478797297;0,16.4207107865756;48.2129850075834;0,16.4207327032212;48.2130223355873;0,16.4207390080097;48.2130507569093;0,16.4208457891094;48.2131213098389;0,16.4206758600491;48.2132245873188;0,,,,,,,,,,,,,,,,,,,,,,,,,,,,,,,,,,,,,,,,,,,,,,,,,,,,,,,,,,,,,,,,,,,,,,,,,,,,,,,,,,,,,,,,,,,,,,,,,,,,,,,
16.4167976145406;48.2115582372043;0,16.4163429692398;48.211181754763;0,16.4164747693413;48.2111113019085;0,16.416927112894;48.211489285476;0,16.4167976145406;48.2115582372043;0,,,,,,,,,,,,,,,,,,,,,,,,,,,,,,,,,,,,,,,,,,,,,,,,,,,,,,,,,,,,,,,,,,,,,,,,,,,,,,,,,,,,,,,,,,,,,,,,,,,,,,,,,,,,,,,,,,,,
16.4227857625097;48.2114735736888;0,16.4226992968394;48.2114193329968;0,16.4227497351471;48.2113836061942;0,16.4228362008174;48.2114379469612;0,16.4227857625097;48.2114735736888;0,,,,,,,,,,,,,,,,,,,,,,,,,,,,,,,,,,,,,,,,,,,,,,,,,,,,,,,,,,,,,,,,,,,,,,,,,,,,,,,,,,,,,,,,,,,,,,,,,,,,,,,,,,,,,,,,,,,,
16.4192693918434;48.2136562111278;0,16.4191178767684;48.2135607395039;0,16.4190681389928;48.2135282151038;0,16.4191137736521;48.2134953904784;0,16.4190909563225;48.2134783777152;0,16.4191438965303;48.2134407494861;0,16.4190862527502;48.213403221332;0,16.4199838344591;48.212759638509;0,16.4200751037777;48.2127705466924;0,16.4201866885257;48.2127041969161;0,16.4204312742874;48.2128625156886;0,16.4202274194607;48.2130097261275;0,16.419347050825;48.2136400990403;0,16.4193225322032;48.2136211848507;0,16.4192693918434;48.2136562111278;0,,,,,,,,,,,,,,,,,,,,,,,,,,,,,,,,,,,,,,,,,,,,,,,,,,,,,,,,,,,,,,,,,,,,,,,,,,,,,,,,,,,,,,,,,,,,,,,,,,,,,,,,,,
16.4216625094045;48.212719608478;0,16.4215079920493;48.2126229359532;0,16.4218850784446;48.2123555353463;0,16.4220394957237;48.2124523079462;0,16.4216625094045;48.212719608478;0,,,,,,,,,,,,,,,,,,,,,,,,,,,,,,,,,,,,,,,,,,,,,,,,,,,,,,,,,,,,,,,,,,,,,,,,,,,,,,,,,,,,,,,,,,,,,,,,,,,,,,,,,,,,,,,,,,,,
16.4182268;48.2097758;0,16.418420947454;48.209673723421;0,16.4182459145174;48.2095214091531;0,16.4182878463644;48.2094975912847;0,16.4182756370915;48.209487583777;0,16.4185227247534;48.209354483924;0,16.4183752127187;48.2092261876747;0,16.4181250227006;48.2093579865517;0,16.4181082099314;48.2093456773172;0,16.4180832910056;48.2093584869271;0,16.4180303507978;48.2093151544185;0,16.4180227450212;48.2093181566709;0,16.4179666023812;48.2092684193574;0,16.4178644247778;48.20932346065;0,16.4178415073721;48.2093042462351;0,16.417825094907;48.2093119520161;0,16.4178475119326;48.2093322672568;0,16.4177489370654;48.2093852069727;0,16.4178018772733;48.2094319420339;0,16.4177954724088;48.2094365454875;0,16.4178475119326;48.2094810788969;0,16.4178194906505;48.2094963903838;0,16.4178310994674;48.209506998342;0,16.4175825106654;48.2096379966184;0,16.4177381288567;48.2097685945944;0,16.4179863173546;48.2096381967685;0,16.4179995273876;48.209647803976;0,16.418046863339;48.2096240861826;0,16.4182268;48.2097758;0,,,,,,,,,,,,,,,,,,,,,,,,,,,,,,,,,,,,,,,,,,,,,,,,,,,,,,,,,,,,,,,,,,,,,,,,,,,,,,,,,,,,,,,,,,,,
16.4197965922495;48.2120758255048;0,16.4196837065134;48.2120052725752;0,16.4210938775313;48.2110039213504;0,16.4212067632675;48.21107447428;0,16.4197965922495;48.2120758255048;0,,,,,,,,,,,,,,,,,,,,,,,,,,,,,,,,,,,,,,,,,,,,,,,,,,,,,,,,,,,,,,,,,,,,,,,,,,,,,,,,,,,,,,,,,,,,,,,,,,,,,,,,,,,,,,,,,,,,
16.4185739636691;48.2130110271035;0,16.418462278845;48.2129480798798;0,16.4195025689403;48.2121940141713;0,16.419609750344;48.2122587627464;0,16.4185739636691;48.2130110271035;0,,,,,,,,,,,,,,,,,,,,,,,,,,,,,,,,,,,,,,,,,,,,,,,,,,,,,,,,,,,,,,,,,,,,,,,,,,,,,,,,,,,,,,,,,,,,,,,,,,,,,,,,,,,,,,,,,,,,
16.4170147794764;48.2087684442705;0,16.4171189585999;48.2087139033533;0,16.4171370723572;48.2087302155909;0,16.4171586887748;48.2087182065816;0,16.4171406750935;48.2087021945692;0,16.4172416517848;48.208648954628;0,16.4171290662766;48.2085503806767;0,16.4171586887748;48.2085348690397;0,16.4171490814781;48.2085258622828;0,16.41739767028;48.2083935630304;0,16.417245254521;48.2082580613755;0,16.4169910614626;48.2083946638562;0,16.4169774511257;48.2083839558229;0,16.4169345185185;48.2084066728655;0,16.4167581845938;48.2082538582223;0,16.4165600340995;48.2083591372037;0,16.4167404711405;48.2085095500451;0,16.4166900328329;48.2085375710668;0,16.4167032428658;48.2085474784995;0,16.4164590574082;48.20867737595;0,16.4166081706589;48.2088074735507;0,16.416857960373;48.2086767754995;0,16.4168695691898;48.2086858823316;0,16.4169036951083;48.2086711712952;0,16.4170147794764;48.2087684442705;0,,,,,,,,,,,,,,,,,,,,,,,,,,,,,,,,,,,,,,,,,,,,,,,,,,,,,,,,,,,,,,,,,,,,,,,,,,,,,,,,,,,,,,,,,,,,,,,,
16.4222476538188;48.2117799035008;0,16.4218260336003;48.2115137037949;0,16.4217401683861;48.2115766510186;0,16.4221695945331;48.2118342442679;0,16.4222476538188;48.2117799035008;0,,,,,,,,,,,,,,,,,,,,,,,,,,,,,,,,,,,,,,,,,,,,,,,,,,,,,,,,,,,,,,,,,,,,,,,,,,,,,,,,,,,,,,,,,,,,,,,,,,,,,,,,,,,,,,,,,,,,
16.4213535747701;48.2124237865491;0,16.4214975841445;48.2123214097449;0,16.4210600518409;48.2120442017804;0,16.4209205458868;48.2121461782843;0,16.4213535747701;48.2124237865491;0,,,,,,,,,,,,,,,,,,,,,,,,,,,,,,,,,,,,,,,,,,,,,,,,,,,,,,,,,,,,,,,,,,,,,,,,,,,,,,,,,,,,,,,,,,,,,,,,,,,,,,,,,,,,,,,,,,,,
16.4215408169797;48.212355135046;0,16.4214463452288;48.2122863834678;0,16.4220895337274;48.211829240514;0,16.4221248605579;48.2118056227958;0,16.4222193323087;48.2118685700195;0,16.4215408169797;48.212355135046;0,,,,,,,,,,,,,,,,,,,,,,,,,,,,,,,,,,,,,,,,,,,,,,,,,,,,,,,,,,,,,,,,,,,,,,,,,,,,,,,,,,,,,,,,,,,,,,,,,,,,,,,,,,,,,,,,,,,
16.4211112907566;48.2120803288833;0,16.4209992056285;48.2120058730257;0,16.4216756193614;48.2115265134048;0,16.4217875043375;48.2115951649079;0,16.4211112907566;48.2120803288833;0,,,,,,,,,,,,,,,,,,,,,,,,,,,,,,,,,,,,,,,,,,,,,,,,,,,,,,,,,,,,,,,,,,,,,,,,,,,,,,,,,,,,,,,,,,,,,,,,,,,,,,,,,,,,,,,,,,,,
16.4161988597893;48.211742575497;0,16.4164374409906;48.2116171814249;0,16.4166306877606;48.2117800035759;0,16.4167917100562;48.2116958404358;0,16.4162469963488;48.2112021700788;0,16.4157192955627;48.2114942892298;0,16.4158282783345;48.2115896607786;0,16.4159559753198;48.2115261131045;0,16.4162046641978;48.2114043217352;0,16.4163248554825;48.2115099009419;0,16.4160816707849;48.2116380971161;0,16.4161988597893;48.211742575497;0,,,,,,,,,,,,,,,,,,,,,,,,,,,,,,,,,,,,,,,,,,,,,,,,,,,,,,,,,,,,,,,,,,,,,,,,,,,,,,,,,,,,,,,,,,,,,,,,,,,,,,,,,,,,,
16.4178772345067;48.2112728230834;0,16.4177558423099;48.211172748006;0,16.4181860690651;48.2109410742017;0,16.4183074612618;48.2110411492792;0,16.4178772345067;48.2112728230834;0,,,,,,,,,,,,,,,,,,,,,,,,,,,,,,,,,,,,,,,,,,,,,,,,,,,,,,,,,,,,,,,,,,,,,,,,,,,,,,,,,,,,,,,,,,,,,,,,,,,,,,,,,,,,,,,,,,,,
16.4182379084368;48.2112933384743;0,16.4181527437546;48.2112395981577;0,16.4180454622749;48.2113149546911;0,16.418240010033;48.2114377468111;0,16.419001688524;48.2108993428944;0,16.4188973092485;48.2108361955206;0,16.4187587039785;48.210933668646;0,16.4186925537377;48.2108919373387;0,16.4185873738541;48.210965992896;0,16.4186484202185;48.2110045218008;0,16.4182379084368;48.2112933384743;0,,,,,,,,,,,,,,,,,,,,,,,,,,,,,,,,,,,,,,,,,,,,,,,,,,,,,,,,,,,,,,,,,,,,,,,,,,,,,,,,,,,,,,,,,,,,,,,,,,,,,,,,,,,,,,
16.4193203305311;48.2097103508994;0,16.4191874295935;48.2096012690649;0,16.4192679907793;48.2095565355053;0,16.4193096223983;48.2095878590046;0,16.4195699200931;48.2094447516438;0,16.419665292528;48.2095208087027;0,16.4197390485454;48.2095788522476;0,16.4198115035746;48.2096978415147;0,16.4197578628347;48.2097103508994;0,16.4197243373723;48.2096522072794;0,16.4196155547524;48.2095547341539;0,16.4193203305311;48.2097103508994;0,,,,,,,,,,,,,,,,,,,,,,,,,,,,,,,,,,,,,,,,,,,,,,,,,,,,,,,,,,,,,,,,,,,,,,,,,,,,,,,,,,,,,,,,,,,,,,,,,,,,,,,,,,,,,
16.4185231250574;48.2109276641414;0,16.418447967976;48.2108632157915;0,16.4190224042575;48.2105689950638;0,16.4190961602749;48.2106360453657;0,16.4190371154306;48.2106682695406;0,16.4190586317722;48.2106887849315;0,16.4190115960488;48.2107219097821;0,16.4190245058537;48.2107330181157;0,16.4189174245259;48.2108115770515;0,16.4188505737531;48.2107648419904;0,16.4185231250574;48.2109276641414;0,,,,,,,,,,,,,,,,,,,,,,,,,,,,,,,,,,,,,,,,,,,,,,,,,,,,,,,,,,,,,,,,,,,,,,,,,,,,,,,,,,,,,,,,,,,,,,,,,,,,,,,,,,,,,,
16.4150382783334;48.209792612613;0,16.4150261691365;48.2097908112616;0,16.4150134594836;48.2097854072074;0,16.4150013502867;48.2097769008259;0,16.4149960462584;48.2097674937686;0,16.414991342686;48.2097599881378;0,16.4149879401018;48.2097500807051;0,16.4149960462584;48.2097388722964;0,16.4150033518069;48.2097317669659;0,16.4150161615358;48.2097268632871;0,16.415032874229;48.20972416126;0,16.4150510880623;48.2097259626114;0,16.4150617961951;48.2097308662902;0,16.4150752063801;48.2097380716958;0,16.4150839129927;48.2097469783777;0,16.4150886165651;48.2097567857353;0,16.4150890168691;48.2097678940689;0,16.4150832124607;48.2097783018769;0,16.4150725043279;48.2097859075828;0,16.415059794675;48.2097899105859;0,16.4150503875303;48.2097921122376;0,16.4150382783334;48.209792612613;0,,,,,,,,,,,,,,,,,,,,,,,,,,,,,,,,,,,,,,,,,,,,,,,,,,,,,,,,,,,,,,,,,,,,,,,,,,,,,,,,,,,,,,,,,,,,,,,,,,,
16.4153218937379;48.2088006684454;0,16.4152861666033;48.2087650417178;0,16.4153701303734;48.2087276136389;0,16.415405957584;48.2087632403665;0,16.4153218937379;48.2088006684454;0,,,,,,,,,,,,,,,,,,,,,,,,,,,,,,,,,,,,,,,,,,,,,,,,,,,,,,,,,,,,,,,,,,,,,,,,,,,,,,,,,,,,,,,,,,,,,,,,,,,,,,,,,,,,,,,,,,,,
16.4215833492827;48.2058335424743;0,16.4215438192599;48.2058080233296;0,16.4216133720849;48.2057601874426;0,16.4216529021078;48.2057856065123;0,16.4215833492827;48.2058335424743;0,,,,,,,,,,,,,,,,,,,,,,,,,,,,,,,,,,,,,,,,,,,,,,,,,,,,,,,,,,,,,,,,,,,,,,,,,,,,,,,,,,,,,,,,,,,,,,,,,,,,,,,,,,,,,,,,,,,,
16.4162550024294;48.2119706465985;0,16.4158282783345;48.2115896607786;0,16.4159559753198;48.2115261131045;0,16.4160816707849;48.2116380971161;0,16.4161988597893;48.211742575497;0,16.4163827994906;48.2119071989994;0,16.4162550024294;48.2119706465985;0,,,,,,,,,,,,,,,,,,,,,,,,,,,,,,,,,,,,,,,,,,,,,,,,,,,,,,,,,,,,,,,,,,,,,,,,,,,,,,,,,,,,,,,,,,,,,,,,,,,,,,,,,,,,,,,,,,
16.4192388686612;48.2107252122597;0,16.4191271838371;48.2106576615824;0,16.4190245058537;48.2107330181157;0,16.4189174245259;48.2108115770515;0,16.4188900037;48.2108317922172;0,16.4188973092485;48.2108361955206;0,16.419001688524;48.2108993428944;0,16.4192388686612;48.2107252122597;0,,,,,,,,,,,,,,,,,,,,,,,,,,,,,,,,,,,,,,,,,,,,,,,,,,,,,,,,,,,,,,,,,,,,,,,,,,,,,,,,,,,,,,,,,,,,,,,,,,,,,,,,,,,,,,,,,
16.4188819976194;48.2105616895832;0,16.4190338129224;48.2104789274941;0,16.4187013604263;48.2101885096194;0,16.4185477437552;48.2102723725343;0,16.4187322839126;48.2104313918323;0,16.4186466188504;48.2104732232147;0,16.4187463946296;48.2105606888324;0,16.4188296578676;48.2105193578254;0,16.4188819976194;48.2105616895832;0,,,,,,,,,,,,,,,,,,,,,,,,,,,,,,,,,,,,,,,,,,,,,,,,,,,,,,,,,,,,,,,,,,,,,,,,,,,,,,,,,,,,,,,,,,,,,,,,,,,,,,,,,,,,,,,,
16.4183755129468;48.210301794607;0,16.4184458663798;48.2102612642007;0,16.418434457715;48.2102524575939;0,16.4186499213586;48.2101374713299;0,16.4185072129723;48.2100189824382;0,16.4182950518369;48.2101327678012;0,16.4182810411959;48.2101222599181;0,16.4182086862427;48.2101635909251;0,16.4183755129468;48.210301794607;0,,,,,,,,,,,,,,,,,,,,,,,,,,,,,,,,,,,,,,,,,,,,,,,,,,,,,,,,,,,,,,,,,,,,,,,,,,,,,,,,,,,,,,,,,,,,,,,,,,,,,,,,,,,,,,,,
16.4178784354188;48.2109158552822;0,16.4177599454262;48.2108153799045;0,16.4184548732205;48.2104514068478;0,16.4185734632891;48.2105518822256;0,16.4178784354188;48.2109158552822;0,,,,,,,,,,,,,,,,,,,,,,,,,,,,,,,,,,,,,,,,,,,,,,,,,,,,,,,,,,,,,,,,,,,,,,,,,,,,,,,,,,,,,,,,,,,,,,,,,,,,,,,,,,,,,,,,,,,,
16.4169105002768;48.2110444517567;0,16.4167848048117;48.2109412743519;0,16.4181759613883;48.2101881093191;0,16.4183016568534;48.2102911866488;0,16.4169105002768;48.2110444517567;0,,,,,,,,,,,,,,,,,,,,,,,,,,,,,,,,,,,,,,,,,,,,,,,,,,,,,,,,,,,,,,,,,,,,,,,,,,,,,,,,,,,,,,,,,,,,,,,,,,,,,,,,,,,,,,,,,,,,
16.4171299669607;48.2113441766137;0,16.4169974663271;48.2112323927522;0,16.4176825866726;48.210871622098;0,16.4178150873062;48.2109834059595;0,16.4171299669607;48.2113441766137;0,,,,,,,,,,,,,,,,,,,,,,,,,,,,,,,,,,,,,,,,,,,,,,,,,,,,,,,,,,,,,,,,,,,,,,,,,,,,,,,,,,,,,,,,,,,,,,,,,,,,,,,,,,,,,,,,,,,,
16.4191354901457;48.210155785069;0,16.4191004635432;48.2101508813902;0,16.4190727424892;48.2101416744831;0,16.419041919079;48.2101227602935;0,16.4190247060057;48.2101034458035;0,16.419014298101;48.2100741238059;0,16.419014998633;48.2100587122439;0,16.4190307105661;48.2100265881441;0,16.4190593323042;48.210003170576;0,16.4190932580707;48.2099891600651;0,16.4191373915899;48.2099822548848;0,16.4191798238169;48.2099853572122;0,16.4192369672171;48.2100077740295;0,16.4192671901712;48.2100395979041;0,16.4192746958718;48.2100738235806;0,16.4192648884231;48.2101025451279;0,16.4192454736777;48.2101240612695;0,16.419222155968;48.210138872381;0,16.4191955357501;48.2101490800389;0,16.4191629109717;48.2101550845435;0,16.4191354901457;48.210155785069;0,,,,,,,,,,,,,,,,,,,,,,,,,,,,,,,,,,,,,,,,,,,,,,,,,,,,,,,,,,,,,,,,,,,,,,,,,,,,,,,,,,,,,,,,,,,,,,,,,,,,
16.4170544095752;48.2115817548475;0,16.417023486089;48.211561639757;0,16.4170123776522;48.2115491303723;0,16.4170014693674;48.2115253125038;0,16.4170045717236;48.2114916872778;0,16.4170229857089;48.2114655676826;0,16.4170525081311;48.2114458528923;0,16.4170998440825;48.2114321426067;0,16.417148581098;48.2114321426067;0,16.4171778032921;48.2114385474117;0,16.4172127298187;48.2114550597995;0,16.4172402507207;48.2114830808212;0,16.4172475562692;48.2115254125789;0,16.4172242385595;48.2115628406579;0,16.4171929147692;48.2115825554481;0,16.4171533847464;48.211593964007;0,16.417106248947;48.211595365058;0,16.4170544095752;48.2115817548475;0,,,,,,,,,,,,,,,,,,,,,,,,,,,,,,,,,,,,,,,,,,,,,,,,,,,,,,,,,,,,,,,,,,,,,,,,,,,,,,,,,,,,,,,,,,,,,,,,,,,,,,,
16.4193005154817;48.2106636660871;0,16.4192000391704;48.2105908114307;0,16.4197509575902;48.2102534583446;0,16.4198514339015;48.210326313001;0,16.4193005154817;48.2106636660871;0,,,,,,,,,,,,,,,,,,,,,,,,,,,,,,,,,,,,,,,,,,,,,,,,,,,,,,,,,,,,,,,,,,,,,,,,,,,,,,,,,,,,,,,,,,,,,,,,,,,,,,,,,,,,,,,,,,,,
16.4172203355952;48.2122470539623;0,16.4169511311357;48.2120369963748;0,16.4170345945258;48.2119818550071;0,16.4170749251567;48.2120102763291;0,16.4171165567757;48.2119793531302;0,16.4171735000238;48.2120119776054;0,16.4172411514047;48.2119631409676;0,16.4172712742829;48.2119826556077;0,16.4173252152508;48.2119413246008;0,16.4173852608551;48.2119782523043;0,16.4173356231556;48.2120140791821;0,16.4173575398011;48.2120276893926;0,16.4174096794009;48.2119940641666;0,16.4174765301737;48.2120325930714;0,16.4174316961225;48.212069520775;0,16.4174561146683;48.2120840316612;0,16.4176335494291;48.2119536338353;0,16.4177855648841;48.2120448022308;0,16.4177578438301;48.2120640166457;0,16.4178595210534;48.2121248622928;0,16.4177606459583;48.2122378470552;0,16.4176081301233;48.2123375218324;0,16.4175314719017;48.2123722478842;0,16.4174596173285;48.2123893607225;0,16.4173789560667;48.2123909619237;0,16.4173125055979;48.2123718475839;0,16.4172741764871;48.2123372216071;0,16.4172666707866;48.2122952901497;0,16.4172203355952;48.2122470539623;0,,,,,,,,,,,,,,,,,,,,,,,,,,,,,,,,,,,,,,,,,,,,,,,,,,,,,,,,,,,,,,,,,,,,,,,,,,,,,,,,,,,,,,,,,,,,
16.4197108271113;48.2089856071885;0,16.4196490802149;48.2089320670221;0,16.4197533594144;48.2088787270058;0,16.4198151063109;48.2089322671722;0,16.4197108271113;48.2089856071885;0,,,,,,,,,,,,,,,,,,,,,,,,,,,,,,,,,,,,,,,,,,,,,,,,,,,,,,,,,,,,,,,,,,,,,,,,,,,,,,,,,,,,,,,,,,,,,,,,,,,,,,,,,,,,,,,,,,,,
